Country,City,AQI Value,AQI Category,CO AQI Value,CO AQI Category,Ozone AQI Value,Ozone AQI Category,NO2 AQI Value,NO2 AQI Category,PM2.5 AQI Value,PM2.5 AQI Category,cluster,Latitude,Longitude,City Based on Longitude Latitude
Indonesia,Pontianak,44,Good,1,Good,15,Good,0,Good,44,Good,3,-0.0226903,109.3447488,"-0.0226903, 109.3447488"
Indonesia,Tidore,21,Good,0,Good,13,Good,0,Good,21,Good,3,0.6786796,127.4483156,"0.6786796, 127.4483156"
Indonesia,Sungaipenuh,17,Good,1,Good,13,Good,0,Good,17,Good,3,-2.0704139,101.3680585,"-2.0704139, 101.3680585"
Indonesia,Tarogong,88,Moderate,2,Good,53,Moderate,1,Good,88,Moderate,0,-7.1900014,107.8898516,"-7.1900014, 107.8898516"
Indonesia,Binjai,92,Moderate,2,Good,45,Good,0,Good,92,Moderate,0,3.6063964,98.4899865,"3.6063964, 98.4899865"
Indonesia,Pamekasan,54,Moderate,1,Good,35,Good,0,Good,54,Moderate,3,-7.1605439,113.4826273,"-7.1605439, 113.4826273"
Indonesia,Prabumulih,49,Good,1,Good,30,Good,0,Good,49,Good,3,-3.4382688,104.2310181,"-3.4382688, 104.2310181"
Indonesia,Pringsewu,63,Moderate,2,Good,40,Good,0,Good,63,Moderate,0,-5.36668925,104.9722121,"-5.36668925, 104.9722121"
Indonesia,Lubuk Pakam,98,Moderate,2,Good,47,Good,0,Good,98,Moderate,0,3.5603701,98.8766933,"3.5603701, 98.8766933"
Indonesia,Mojoagung,155,Unhealthy,3,Good,91,Moderate,2,Good,155,Unhealthy,1,-7.5699054,112.344923,"-7.5699054, 112.344923"
Indonesia,Lamongan,167,Unhealthy,3,Good,123,Unhealthy for Sensitive Groups,1,Good,167,Unhealthy,1,-7.12293185,112.3281935,"-7.12293185, 112.3281935"
Indonesia,Karang Tengah,105,Unhealthy for Sensitive Groups,2,Good,59,Moderate,1,Good,105,Unhealthy for Sensitive Groups,0,-6.2179617,106.7071278,"-6.2179617, 106.7071278"
Indonesia,Kembaran,54,Moderate,1,Good,29,Good,1,Good,54,Moderate,3,-7.3940996,109.987961,"-7.3940996, 109.987961"
Indonesia,Malang,67,Moderate,1,Good,36,Good,0,Good,67,Moderate,0,-7.9771206,112.6340291,"-7.9771206, 112.6340291"
Indonesia,Kutoarjo,58,Moderate,1,Good,28,Good,0,Good,58,Moderate,3,-7.72603,109.9070809,"-7.72603, 109.9070809"
Indonesia,Mataram,34,Good,1,Good,25,Good,0,Good,34,Good,3,-8.5837726,116.10685,"-8.5837726, 116.10685"
Indonesia,Mertoyudan,66,Moderate,1,Good,32,Good,1,Good,66,Moderate,0,-7.5108329,110.2241571,"-7.5108329, 110.2241571"
Indonesia,Driyorejo,157,Unhealthy,2,Good,84,Moderate,2,Good,157,Unhealthy,1,-7.3654117,112.6017226,"-7.3654117, 112.6017226"
Indonesia,Ngaglik,60,Moderate,1,Good,29,Good,1,Good,60,Moderate,3,-7.7325636,111.3093583,"-7.7325636, 111.3093583"
Indonesia,Purwakarta,101,Unhealthy for Sensitive Groups,2,Good,90,Moderate,1,Good,101,Unhealthy for Sensitive Groups,0,-6.5607313,107.4439799,"-6.5607313, 107.4439799"
Indonesia,Palembang,74,Moderate,2,Good,47,Good,0,Good,74,Moderate,0,-2.9888243,104.7568507,"-2.9888243, 104.7568507"
Indonesia,Pameungpeuk,97,Moderate,2,Good,70,Moderate,1,Good,97,Moderate,0,-7.6318844,107.7307524,"-7.6318844, 107.7307524"
Indonesia,Leuwiliang,264,Very Unhealthy,15,Good,8,Good,52,Moderate,264,Very Unhealthy,2,-6.5745161,106.6343847,"-6.5745161, 106.6343847"
Indonesia,Sidareja,189,Unhealthy,10,Good,7,Good,25,Good,189,Unhealthy,2,-7.4863529,108.8075095,"-7.4863529, 108.8075095"
Indonesia,Wlingi,176,Unhealthy,8,Good,10,Good,17,Good,176,Unhealthy,2,-8.0884268,112.3198687,"-8.0884268, 112.3198687"
Indonesia,Mlonggo,82,Moderate,2,Good,50,Good,1,Good,82,Moderate,0,-6.5920048,110.6758943,"-6.5920048, 110.6758943"
Indonesia,Ngoro,121,Unhealthy for Sensitive Groups,2,Good,60,Moderate,1,Good,121,Unhealthy for Sensitive Groups,1,-7.675317,112.261647,"-7.675317, 112.261647"
Indonesia,Ciampea,154,Unhealthy,4,Good,154,Unhealthy,2,Good,126,Unhealthy for Sensitive Groups,1,-6.57894495,106.7019724,"-6.57894495, 106.7019724"
Indonesia,Balaipungut,57,Moderate,2,Good,12,Good,2,Good,57,Moderate,3,1.1066382,101.3073326,"1.1066382, 101.3073326"
Indonesia,Bandung,198,Unhealthy,11,Good,6,Good,30,Good,198,Unhealthy,2,-6.9215529,107.6110212,"-6.9215529, 107.6110212"
Indonesia,Boyolali,201,Very Unhealthy,12,Good,2,Good,28,Good,201,Very Unhealthy,2,-7.3872118,110.7038691,"-7.3872118, 110.7038691"
Indonesia,Brebes,151,Unhealthy,5,Good,23,Good,10,Good,151,Unhealthy,2,-7.05207115,108.888136,"-7.05207115, 108.888136"
Indonesia,Sabang,40,Good,1,Good,23,Good,0,Good,40,Good,3,5.888034,95.316528,"5.888034, 95.316528"
Indonesia,Sumber,54,Moderate,1,Good,34,Good,0,Good,54,Moderate,3,-6.85885265,111.9881374,"-6.85885265, 111.9881374"
Indonesia,Waingapu,55,Moderate,0,Good,25,Good,0,Good,55,Moderate,3,-9.652179,120.2636908,"-9.652179, 120.2636908"
Indonesia,Balung,100,Unhealthy for Sensitive Groups,2,Good,45,Good,1,Good,100,Unhealthy for Sensitive Groups,0,-8.275754,113.537299,"-8.275754, 113.537299"
Indonesia,Wanaraja,57,Moderate,1,Good,29,Good,1,Good,57,Moderate,3,-7.2190966,109.7456932,"-7.2190966, 109.7456932"
Indonesia,Sukaraja,67,Moderate,1,Good,40,Good,1,Good,67,Moderate,0,-6.8901546,107.5662896,"-6.8901546, 107.5662896"
Indonesia,Prigen,153,Unhealthy,3,Good,84,Moderate,2,Good,153,Unhealthy,1,-7.6805545,112.6406232,"-7.6805545, 112.6406232"
Indonesia,Sibolga,35,Good,0,Good,14,Good,0,Good,35,Good,3,1.736957,98.78461,"1.736957, 98.78461"
Indonesia,Sumbawa,25,Good,1,Good,25,Good,0,Good,21,Good,3,-8.5949025,117.2716068,"-8.5949025, 117.2716068"
Indonesia,Klangenan,67,Moderate,1,Good,38,Good,1,Good,67,Moderate,0,-6.6820585,108.4470156,"-6.6820585, 108.4470156"
Indonesia,Kebonarum,65,Moderate,1,Good,32,Good,1,Good,65,Moderate,0,-6.974232,110.432749,"-6.974232, 110.432749"
Indonesia,Kebumen,61,Moderate,1,Good,34,Good,0,Good,61,Moderate,3,-7.6686894,109.6519465,"-7.6686894, 109.6519465"
Indonesia,Sidoarjo,153,Unhealthy,2,Good,58,Moderate,2,Good,153,Unhealthy,1,-7.45597405,112.6608877,"-7.45597405, 112.6608877"
Indonesia,Kaliwungu,113,Unhealthy for Sensitive Groups,3,Good,100,Unhealthy for Sensitive Groups,2,Good,113,Unhealthy for Sensitive Groups,1,-7.4617145,110.6147021,"-7.4617145, 110.6147021"
Indonesia,Genteng,41,Good,1,Good,25,Good,0,Good,41,Good,3,-7.2604985,112.745174,"-7.2604985, 112.745174"
Indonesia,Gatak,79,Moderate,2,Good,45,Good,1,Good,79,Moderate,0,-7.5909215,110.7449837,"-7.5909215, 110.7449837"
Indonesia,Cileungsi,146,Unhealthy for Sensitive Groups,3,Good,142,Unhealthy for Sensitive Groups,2,Good,146,Unhealthy for Sensitive Groups,1,-6.3982206,106.9818924,"-6.3982206, 106.9818924"
Indonesia,Ciranjang,109,Unhealthy for Sensitive Groups,2,Good,87,Moderate,1,Good,109,Unhealthy for Sensitive Groups,1,-6.7864594,107.2832236,"-6.7864594, 107.2832236"
Indonesia,Banjarmasin,42,Good,1,Good,20,Good,0,Good,42,Good,3,-3.3187496,114.5925828,"-3.3187496, 114.5925828"
Indonesia,Pacet,98,Moderate,2,Good,84,Moderate,1,Good,98,Moderate,0,-7.6665791,112.5371895,"-7.6665791, 112.5371895"
Indonesia,Wonosobo,81,Moderate,2,Good,48,Good,0,Good,81,Moderate,0,-7.39979995,109.9209645,"-7.39979995, 109.9209645"
Indonesia,Weleri,81,Moderate,2,Good,58,Moderate,0,Good,81,Moderate,0,-6.970644,110.0697728,"-6.970644, 110.0697728"
Indonesia,Martapura,28,Good,1,Good,20,Good,0,Good,28,Good,3,-3.4086465,114.848837,"-3.4086465, 114.848837"
Indonesia,Surabaya,152,Unhealthy,1,Good,45,Good,1,Good,152,Unhealthy,2,-7.2459717,112.7378266,"-7.2459717, 112.7378266"
Indonesia,Bojonegoro,104,Unhealthy for Sensitive Groups,2,Good,49,Good,0,Good,104,Unhealthy for Sensitive Groups,0,-7.22787145,111.81462,"-7.22787145, 111.81462"
Indonesia,Bone,17,Good,0,Good,17,Good,0,Good,14,Good,3,-4.6801018,120.0946735,"-4.6801018, 120.0946735"
Indonesia,Gresik,115,Unhealthy for Sensitive Groups,1,Good,43,Good,1,Good,115,Unhealthy for Sensitive Groups,0,-5.79334655,112.6598223,"-5.79334655, 112.6598223"
Indonesia,Sijunjung,42,Good,1,Good,20,Good,0,Good,42,Good,3,-0.6964425,100.9936303,"-0.6964425, 100.9936303"
Indonesia,Sleman,63,Moderate,1,Good,34,Good,1,Good,63,Moderate,0,-7.6894175,110.3812904,"-7.6894175, 110.3812904"
Indonesia,Talang,161,Unhealthy,7,Good,18,Good,15,Good,161,Unhealthy,2,-6.913297,109.134514,"-6.913297, 109.134514"
Indonesia,Lebaksiu,86,Moderate,2,Good,76,Moderate,1,Good,86,Moderate,0,-7.0469368,109.1467653,"-7.0469368, 109.1467653"
Indonesia,Manado,30,Good,0,Good,16,Good,0,Good,30,Good,3,1.4900578,124.8408708,"1.4900578, 124.8408708"
Indonesia,Salatiga,83,Moderate,2,Good,49,Good,1,Good,83,Moderate,0,-7.3302642,110.4995353,"-7.3302642, 110.4995353"
Indonesia,Sepatan,205,Very Unhealthy,5,Good,205,Very Unhealthy,4,Good,163,Unhealthy,4,-6.12319355,106.5839802,"-6.12319355, 106.5839802"
Indonesia,Pamulang,201,Very Unhealthy,5,Good,201,Very Unhealthy,4,Good,161,Unhealthy,4,-6.33321675,106.7226636,"-6.33321675, 106.7226636"
Indonesia,Pandaan,154,Unhealthy,3,Good,112,Unhealthy for Sensitive Groups,2,Good,154,Unhealthy,1,-7.6532322,112.6872932,"-7.6532322, 112.6872932"
Indonesia,Parung,171,Unhealthy,4,Good,171,Unhealthy,2,Good,150,Unhealthy,4,-6.4405056,106.7171996,"-6.4405056, 106.7171996"
Indonesia,Banjar,75,Moderate,1,Good,46,Good,0,Good,75,Moderate,0,-3.38333,115.08333,"-3.38333, 115.08333"
Indonesia,Bogor,170,Unhealthy,4,Good,170,Unhealthy,2,Good,152,Unhealthy,4,-6.5962986,106.7972421,"-6.5962986, 106.7972421"
Indonesia,Muntilan,71,Moderate,1,Good,37,Good,1,Good,71,Moderate,0,-7.60616105,110.2585063,"-7.60616105, 110.2585063"
Indonesia,Ciparay,91,Moderate,2,Good,52,Moderate,1,Good,91,Moderate,0,-7.2696909,106.6187283,"-7.2696909, 106.6187283"
Indonesia,Tegal,149,Unhealthy for Sensitive Groups,4,Good,25,Good,9,Good,149,Unhealthy for Sensitive Groups,2,-7.05644335,109.1315766,"-7.05644335, 109.1315766"
Indonesia,Tuban,61,Moderate,1,Good,15,Good,3,Good,61,Moderate,3,-6.8962656,112.0650714,"-6.8962656, 112.0650714"
Indonesia,Gebog,161,Unhealthy,5,Good,2,Good,22,Good,161,Unhealthy,2,-6.7351047,110.8440684,"-6.7351047, 110.8440684"
Indonesia,Pamanukan,156,Unhealthy,3,Good,22,Good,9,Good,156,Unhealthy,2,-6.2841644,107.8210101,"-6.2841644, 107.8210101"
Indonesia,Merauke,34,Good,0,Good,21,Good,0,Good,34,Good,3,-7.7925193,140.0183252,"-7.7925193, 140.0183252"
Indonesia,Karanganom,57,Moderate,1,Good,32,Good,0,Good,57,Moderate,3,-7.6463532,110.624519,"-7.6463532, 110.624519"
Indonesia,Bekasi,193,Unhealthy,9,Good,16,Good,29,Good,193,Unhealthy,2,-6.2349858,106.9945444,"-6.2349858, 106.9945444"
Indonesia,Ciledug,166,Unhealthy,7,Good,11,Good,19,Good,166,Unhealthy,2,-6.2411161,106.704293,"-6.2411161, 106.704293"
Indonesia,Ubud,35,Good,1,Good,26,Good,0,Good,35,Good,3,-8.5068977,115.2622931,"-8.5068977, 115.2622931"
Indonesia,Sunggal,76,Moderate,2,Good,41,Good,0,Good,76,Moderate,0,3.5754225,98.6142296,"3.5754225, 98.6142296"
Indonesia,Praya,51,Moderate,1,Good,25,Good,0,Good,51,Moderate,3,-8.7103664,116.2723977,"-8.7103664, 116.2723977"
Indonesia,Curug,281,Very Unhealthy,15,Good,6,Good,59,Moderate,281,Very Unhealthy,2,-6.23713985,106.5670201,"-6.23713985, 106.5670201"
Indonesia,Pandegelang,195,Unhealthy,8,Good,17,Good,51,Moderate,195,Unhealthy,2,-6.31,106.1058365,"-6.31, 106.1058365"
Indonesia,Peterongan,158,Unhealthy,3,Good,11,Good,9,Good,158,Unhealthy,2,-7.0011184,110.4351121,"-7.0011184, 110.4351121"
Indonesia,Bangkalan,154,Unhealthy,2,Good,79,Moderate,1,Good,154,Unhealthy,1,-7.04637245,112.8962503,"-7.04637245, 112.8962503"
Indonesia,Kudus,69,Moderate,2,Good,67,Moderate,1,Good,69,Moderate,0,-6.8078233,110.8416866,"-6.8078233, 110.8416866"
Indonesia,Majalengka,50,Good,1,Good,31,Good,1,Good,50,Good,3,-6.8073627,108.278786,"-6.8073627, 108.278786"
Indonesia,Diwek,154,Unhealthy,3,Good,126,Unhealthy for Sensitive Groups,2,Good,154,Unhealthy,1,-7.5901685,112.2366182,"-7.5901685, 112.2366182"
Indonesia,Dukuhturi,77,Moderate,1,Good,39,Good,0,Good,77,Moderate,0,-6.9046873,109.1252151,"-6.9046873, 109.1252151"
Indonesia,Gedangan,153,Unhealthy,2,Good,54,Moderate,2,Good,153,Unhealthy,1,-7.5667096,112.5049274,"-7.5667096, 112.5049274"
Indonesia,Mlati,49,Good,1,Good,28,Good,0,Good,49,Good,3,-7.7360497,110.3298831,"-7.7360497, 110.3298831"
Indonesia,Sindang,69,Moderate,1,Good,41,Good,0,Good,69,Moderate,0,-6.9566411,109.1035994,"-6.9566411, 109.1035994"
Indonesia,Simpang,77,Moderate,2,Good,10,Good,2,Good,77,Moderate,0,-1.26424,104.09701,"-1.26424, 104.09701"
Indonesia,Tulungagung,165,Unhealthy,6,Good,13,Good,14,Good,165,Unhealthy,2,-8.07290355,111.8996408,"-8.07290355, 111.8996408"
Indonesia,Seyegan,168,Unhealthy,7,Good,12,Good,20,Good,168,Unhealthy,2,-7.731004,110.2984382,"-7.731004, 110.2984382"
Indonesia,Mranggen,161,Unhealthy,6,Good,19,Good,15,Good,161,Unhealthy,2,-7.0274948,110.5125528,"-7.0274948, 110.5125528"
Indonesia,Wonosari,174,Unhealthy,7,Good,7,Good,20,Good,174,Unhealthy,2,-7.9803703,110.5952341,"-7.9803703, 110.5952341"
Indonesia,Atambua,28,Good,1,Good,22,Good,0,Good,28,Good,3,-9.1059581,124.888064,"-9.1059581, 124.888064"
Indonesia,Cirebon,71,Moderate,2,Good,53,Moderate,0,Good,71,Moderate,0,-6.7137044,108.5608483,"-6.7137044, 108.5608483"
Indonesia,Deli Tua,68,Moderate,2,Good,41,Good,0,Good,68,Moderate,0,3.4912987,98.6827642,"3.4912987, 98.6827642"
Indonesia,Jombang,113,Unhealthy for Sensitive Groups,2,Good,84,Moderate,1,Good,113,Unhealthy for Sensitive Groups,1,-7.561464,112.2413044,"-7.561464, 112.2413044"
Indonesia,Tebingtinggi,84,Moderate,2,Good,45,Good,0,Good,84,Moderate,0,0.85371285,102.7097407,"0.85371285, 102.7097407"
Indonesia,Wedi,64,Moderate,1,Good,37,Good,1,Good,64,Moderate,0,-7.7459397,110.5799219,"-7.7459397, 110.5799219"
Indonesia,Majene,43,Good,1,Good,21,Good,0,Good,43,Good,3,-3.5459286,118.9607438,"-3.5459286, 118.9607438"
Indonesia,Kebomas,158,Unhealthy,2,Good,104,Unhealthy for Sensitive Groups,1,Good,158,Unhealthy,1,-7.1702337,112.6287178,"-7.1702337, 112.6287178"
Indonesia,Medan,101,Unhealthy for Sensitive Groups,2,Good,54,Moderate,1,Good,101,Unhealthy for Sensitive Groups,0,3.5896654,98.6738261,"3.5896654, 98.6738261"
Indonesia,Belawan,75,Moderate,2,Good,45,Good,0,Good,75,Moderate,0,-0.5791924,114.4500022,"-0.5791924, 114.4500022"
Indonesia,Singojuruh,39,Good,1,Good,25,Good,0,Good,39,Good,3,-8.3048844,114.2045767,"-8.3048844, 114.2045767"
Indonesia,Purworejo,92,Moderate,2,Good,42,Good,2,Good,92,Moderate,0,-7.7073021,109.9665117,"-7.7073021, 109.9665117"
Indonesia,Bumiayu,73,Moderate,1,Good,37,Good,1,Good,73,Moderate,0,-3.3508606,104.0523202,"-3.3508606, 104.0523202"
Indonesia,Banyumas,62,Moderate,1,Good,36,Good,0,Good,62,Moderate,0,-7.45507165,109.1167465,"-7.45507165, 109.1167465"
Indonesia,Baturaden,69,Moderate,1,Good,35,Good,1,Good,69,Moderate,0,-7.3148244,109.229494,"-7.3148244, 109.229494"
Indonesia,Karangsembung,73,Moderate,1,Good,41,Good,0,Good,73,Moderate,0,-6.8451389,108.6500249,"-6.8451389, 108.6500249"
Indonesia,Gombong,63,Moderate,1,Good,37,Good,0,Good,63,Moderate,0,-7.6107474,109.5078045,"-7.6107474, 109.5078045"
Indonesia,Singosari,72,Moderate,1,Good,36,Good,1,Good,72,Moderate,0,-7.8925503,112.666452,"-7.8925503, 112.666452"
Indonesia,Mojosari,135,Unhealthy for Sensitive Groups,2,Good,62,Moderate,1,Good,135,Unhealthy for Sensitive Groups,1,-7.520138,112.5615918,"-7.520138, 112.5615918"
Indonesia,Jaten,168,Unhealthy,6,Good,8,Good,18,Good,168,Unhealthy,2,-7.5775839,110.8955643,"-7.5775839, 110.8955643"
Indonesia,Kendari,56,Moderate,1,Good,18,Good,0,Good,56,Moderate,3,-3.9918068,122.5180066,"-3.9918068, 122.5180066"
Indonesia,Polewali,30,Good,1,Good,16,Good,0,Good,30,Good,3,-3.4332204,119.3527114,"-3.4332204, 119.3527114"
Indonesia,Padang,57,Moderate,2,Good,32,Good,0,Good,57,Moderate,3,-0.9247587,100.3632561,"-0.9247587, 100.3632561"
Indonesia,Citeureup,172,Unhealthy,4,Good,172,Unhealthy,2,Good,148,Unhealthy for Sensitive Groups,4,-6.546294,105.6999768,"-6.546294, 105.6999768"
Indonesia,Trenggalek,39,Good,1,Good,25,Good,0,Good,39,Good,3,-8.13593475,111.6401983,"-8.13593475, 111.6401983"
Indonesia,Pangkalanbuun,28,Good,0,Good,15,Good,0,Good,28,Good,3,-2.688962,111.622398,"-2.688962, 111.622398"
Indonesia,Banjaran,195,Unhealthy,10,Good,10,Good,27,Good,195,Unhealthy,2,-7.1551975,110.0507301,"-7.1551975, 110.0507301"
Indonesia,Ciamis,60,Moderate,1,Good,36,Good,0,Good,60,Moderate,3,-7.3131593,108.4048938,"-7.3131593, 108.4048938"
Indonesia,Ciawi,195,Unhealthy,4,Good,195,Unhealthy,3,Good,155,Unhealthy,4,-7.1586313,108.1475296,"-7.1586313, 108.1475296"
Indonesia,Cilegon,182,Unhealthy,3,Good,182,Unhealthy,3,Good,145,Unhealthy for Sensitive Groups,4,-6.017389,106.0537688,"-6.017389, 106.0537688"
Indonesia,Godean,162,Unhealthy,6,Good,14,Good,17,Good,162,Unhealthy,2,-7.7674666,110.2960501,"-7.7674666, 110.2960501"
Indonesia,Jepara,132,Unhealthy for Sensitive Groups,3,Good,9,Good,14,Good,132,Unhealthy for Sensitive Groups,2,-6.5899148,110.6672987,"-6.5899148, 110.6672987"
Indonesia,Kadungora,212,Very Unhealthy,12,Good,2,Good,32,Good,212,Very Unhealthy,2,-7.0899289,107.8864302,"-7.0899289, 107.8864302"
Indonesia,Ketanggungan,161,Unhealthy,7,Good,17,Good,16,Good,161,Unhealthy,2,-6.9375405,108.8860305,"-6.9375405, 108.8860305"
Indonesia,Yogyakarta,54,Moderate,1,Good,27,Good,0,Good,54,Moderate,3,-7.9778384,110.3672257,"-7.9778384, 110.3672257"
Indonesia,Sampit,45,Good,1,Good,17,Good,0,Good,45,Good,3,-2.5389113,112.949389,"-2.5389113, 112.949389"
Indonesia,Sragen,66,Moderate,1,Good,37,Good,0,Good,66,Moderate,0,-7.3924563,110.9530232,"-7.3924563, 110.9530232"
Indonesia,Pare,78,Moderate,1,Good,43,Good,0,Good,78,Moderate,0,-7.7688607,112.1964706,"-7.7688607, 112.1964706"
Indonesia,Pemalang,100,Unhealthy for Sensitive Groups,2,Good,51,Moderate,1,Good,100,Unhealthy for Sensitive Groups,0,-7.0110802,109.3914037,"-7.0110802, 109.3914037"
Indonesia,Taman,124,Unhealthy for Sensitive Groups,1,Good,39,Good,1,Good,124,Unhealthy for Sensitive Groups,0,-7.3631369,112.675662,"-7.3631369, 112.675662"
Indonesia,Ende,23,Good,1,Good,23,Good,0,Good,16,Good,3,-8.6728675,121.6929173,"-8.6728675, 121.6929173"
Indonesia,Banda Aceh,17,Good,0,Good,17,Good,0,Good,17,Good,3,5.5528455,95.3192908,"5.5528455, 95.3192908"
Indonesia,Plumbon,54,Moderate,1,Good,39,Good,0,Good,54,Moderate,3,-7.8959669,110.0901953,"-7.8959669, 110.0901953"
Indonesia,Gambiran,37,Good,1,Good,24,Good,0,Good,37,Good,3,-6.9650973,110.2775538,"-6.9650973, 110.2775538"
Indonesia,Gampengrejo,73,Moderate,1,Good,38,Good,0,Good,73,Moderate,0,-7.76639945,112.0352596,"-7.76639945, 112.0352596"
Indonesia,Gempol,158,Unhealthy,2,Good,73,Moderate,1,Good,158,Unhealthy,1,-6.7045979,108.4185871,"-6.7045979, 108.4185871"
Indonesia,Loa Janan,54,Moderate,1,Good,15,Good,0,Good,54,Moderate,3,-0.585182,117.1095104,"-0.585182, 117.1095104"
Indonesia,Manokwari,10,Good,0,Good,10,Good,0,Good,10,Good,3,-0.9776762,133.7538039,"-0.9776762, 133.7538039"
Indonesia,Paseh,66,Moderate,1,Good,41,Good,0,Good,66,Moderate,0,-7.3438348,109.6666534,"-7.3438348, 109.6666534"
Indonesia,Singkang,34,Good,1,Good,19,Good,0,Good,34,Good,3,-4.139758,120.030701,"-4.139758, 120.030701"
Indonesia,Singkawang,61,Moderate,1,Good,14,Good,0,Good,61,Moderate,3,0.9069861,108.9889657,"0.9069861, 108.9889657"
Indonesia,Negara,67,Moderate,3,Good,21,Good,3,Good,67,Moderate,0,-8.356944,114.616944,"-8.356944, 114.616944"
Indonesia,Panarukan,85,Moderate,3,Good,17,Good,4,Good,85,Moderate,0,-7.6949745,113.9362263,"-7.6949745, 113.9362263"
Indonesia,Babakan,54,Moderate,1,Good,34,Good,0,Good,54,Moderate,3,-6.9329907,107.5765974,"-6.9329907, 107.5765974"
Indonesia,Cileunyi,64,Moderate,1,Good,37,Good,1,Good,64,Moderate,0,-6.9454616,107.7466656,"-6.9454616, 107.7466656"
Indonesia,Tomohon,24,Good,1,Good,16,Good,0,Good,24,Good,3,1.3255914,124.838605,"1.3255914, 124.838605"
Indonesia,Bengkalis,38,Good,1,Good,19,Good,0,Good,38,Good,3,1.76972265,101.9124384,"1.76972265, 101.9124384"
Indonesia,Cidahu,112,Unhealthy for Sensitive Groups,2,Good,88,Moderate,1,Good,112,Unhealthy for Sensitive Groups,1,-6.7671739,106.7300741,"-6.7671739, 106.7300741"
Indonesia,Delanggu,208,Very Unhealthy,13,Good,3,Good,24,Good,208,Very Unhealthy,2,-7.6160548,110.7002444,"-7.6160548, 110.7002444"
Indonesia,Srono,90,Moderate,3,Good,18,Good,4,Good,90,Moderate,0,-8.4018445,114.2638458,"-8.4018445, 114.2638458"
Indonesia,Kepanjen,41,Good,1,Good,26,Good,0,Good,41,Good,3,-8.1320077,112.5733026,"-8.1320077, 112.5733026"
Indonesia,Kawalu,58,Moderate,1,Good,34,Good,0,Good,58,Moderate,3,-1.9593,123.8495,"-1.9593, 123.8495"
Indonesia,Tangerang,201,Very Unhealthy,5,Good,201,Very Unhealthy,3,Good,167,Unhealthy,4,-6.1761924,106.6382161,"-6.1761924, 106.6382161"
Indonesia,Bae,80,Moderate,2,Good,69,Moderate,1,Good,80,Moderate,0,-6.7832506,110.8672131,"-6.7832506, 110.8672131"
Indonesia,Cisarua,144,Unhealthy for Sensitive Groups,3,Good,144,Unhealthy for Sensitive Groups,1,Good,115,Unhealthy for Sensitive Groups,1,-6.70841215,106.962275,"-6.70841215, 106.962275"
Indonesia,Wonogiri,51,Moderate,1,Good,28,Good,0,Good,51,Moderate,3,-7.9620507,110.9575733,"-7.9620507, 110.9575733"
Indonesia,Gorontalo,25,Good,0,Good,15,Good,0,Good,25,Good,3,0.7186174,122.4555927,"0.7186174, 122.4555927"
Indonesia,Purbalingga,66,Moderate,1,Good,44,Good,1,Good,66,Moderate,0,-7.32733005,109.3998987,"-7.32733005, 109.3998987"
Indonesia,Ceper,67,Moderate,1,Good,38,Good,1,Good,67,Moderate,0,-7.6731542,110.6778035,"-7.6731542, 110.6778035"
Indonesia,Maumere,60,Moderate,1,Good,26,Good,0,Good,60,Moderate,3,-8.6256456,122.2192885,"-8.6256456, 122.2192885"
Indonesia,Dampit,53,Moderate,1,Good,31,Good,0,Good,53,Moderate,3,-8.2129316,112.7512862,"-8.2129316, 112.7512862"
Indonesia,Bitung,28,Good,0,Good,15,Good,0,Good,28,Good,3,1.44344,125.1940836,"1.44344, 125.1940836"
Indonesia,Pekalongan,123,Unhealthy for Sensitive Groups,4,Good,123,Unhealthy for Sensitive Groups,1,Good,123,Unhealthy for Sensitive Groups,1,-7.04243905,109.6191607,"-7.04243905, 109.6191607"
Indonesia,Pemangkat,39,Good,1,Good,16,Good,0,Good,39,Good,3,1.156069,108.9712919,"1.156069, 108.9712919"
Indonesia,Babat,159,Unhealthy,3,Good,135,Unhealthy for Sensitive Groups,1,Good,159,Unhealthy,1,-3.46381,104.3517917,"-3.46381, 104.3517917"
Indonesia,Kresek,203,Very Unhealthy,4,Good,203,Very Unhealthy,4,Good,158,Unhealthy,4,-6.14836555,106.4031377,"-6.14836555, 106.4031377"
Indonesia,Sewon,67,Moderate,1,Good,36,Good,1,Good,67,Moderate,0,-7.85615635,110.352463,"-7.85615635, 110.352463"
Indonesia,Semarang,160,Unhealthy,5,Good,17,Good,17,Good,160,Unhealthy,2,-6.9903988,110.4229104,"-6.9903988, 110.4229104"
Indonesia,Rangkasbitung,225,Very Unhealthy,11,Good,9,Good,63,Moderate,225,Very Unhealthy,2,-6.3526482,106.2515306,"-6.3526482, 106.2515306"
Indonesia,Rantauprapat,97,Moderate,3,Good,2,Good,5,Good,97,Moderate,0,2.1053549,99.82025095,"2.1053549, 99.82025095"
Indonesia,Buaran,152,Unhealthy,5,Good,27,Good,9,Good,152,Unhealthy,2,-6.3415273,106.6924994,"-6.3415273, 106.6924994"
Indonesia,Soreang,188,Unhealthy,10,Good,5,Good,27,Good,188,Unhealthy,2,-7.0268685,107.5167964,"-7.0268685, 107.5167964"
Indonesia,Grogol,170,Unhealthy,6,Good,7,Good,21,Good,170,Unhealthy,2,-7.9840459,110.5327027,"-7.9840459, 110.5327027"
Indonesia,Pecangakan,150,Unhealthy,3,Good,10,Good,16,Good,150,Unhealthy,2,-6.9170184,109.1113493,"-6.9170184, 109.1113493"
Indonesia,Dumai,70,Moderate,2,Good,16,Good,0,Good,70,Moderate,0,1.6631967,101.4470369,"1.6631967, 101.4470369"
Indonesia,Lahat,109,Unhealthy for Sensitive Groups,4,Good,3,Good,6,Good,109,Unhealthy for Sensitive Groups,0,-3.87934575,103.4140863,"-3.87934575, 103.4140863"
Indonesia,Lhokseumawe,88,Moderate,2,Good,21,Good,2,Good,88,Moderate,0,5.1789659,97.1480544,"5.1789659, 97.1480544"
Indonesia,Samarinda,57,Moderate,1,Good,7,Good,2,Good,57,Moderate,3,-0.5017804,117.1393089,"-0.5017804, 117.1393089"
Indonesia,Sampang,53,Moderate,1,Good,20,Good,0,Good,53,Moderate,3,-7.05781575,113.2540541,"-7.05781575, 113.2540541"
Indonesia,Cikeruh,76,Moderate,1,Good,39,Good,1,Good,76,Moderate,0,-6.9323493,107.7781928,"-6.9323493, 107.7781928"
Indonesia,Cimahi,104,Unhealthy for Sensitive Groups,2,Good,93,Moderate,1,Good,104,Unhealthy for Sensitive Groups,1,-6.8731527,107.5423099,"-6.8731527, 107.5423099"
Indonesia,Sigli,40,Good,1,Good,35,Good,0,Good,40,Good,3,5.3813126,95.957932,"5.3813126, 95.957932"
Indonesia,Situbondo,51,Moderate,1,Good,32,Good,0,Good,51,Moderate,3,-7.7067843,114.0054142,"-7.7067843, 114.0054142"
Indonesia,Lawang,83,Moderate,2,Good,40,Good,1,Good,83,Moderate,0,-7.8366237,112.6977587,"-7.8366237, 112.6977587"
Indonesia,Magelang,60,Moderate,1,Good,32,Good,0,Good,60,Moderate,3,-7.51361445,110.2145133,"-7.51361445, 110.2145133"
Indonesia,Nabire,24,Good,1,Good,7,Good,0,Good,24,Good,3,-3.360285,135.5023653,"-3.360285, 135.5023653"
Indonesia,Pedan,193,Unhealthy,10,Good,6,Good,20,Good,193,Unhealthy,2,-7.6918699,110.703215,"-7.6918699, 110.703215"
Indonesia,Waru,155,Unhealthy,3,Good,117,Unhealthy for Sensitive Groups,1,Good,155,Unhealthy,1,-5.583333,132.308333,"-5.583333, 132.308333"
Indonesia,Kanigoro,38,Good,1,Good,24,Good,0,Good,38,Good,3,-8.1036772,110.5167683,"-8.1036772, 110.5167683"
Indonesia,Kedungwuni,83,Moderate,2,Good,46,Good,1,Good,83,Moderate,0,-6.9624914,109.6437468,"-6.9624914, 109.6437468"
Indonesia,Comal,102,Unhealthy for Sensitive Groups,2,Good,55,Moderate,1,Good,102,Unhealthy for Sensitive Groups,0,-6.8972278,109.5397404,"-6.8972278, 109.5397404"
Indonesia,Gondanglegi,50,Good,1,Good,29,Good,0,Good,50,Good,3,-8.1768283,112.6375967,"-8.1768283, 112.6375967"
Indonesia,Garut,69,Moderate,1,Good,33,Good,1,Good,69,Moderate,0,-7.2162543,107.9014912,"-7.2162543, 107.9014912"
Indonesia,Karangasem,44,Good,1,Good,26,Good,0,Good,44,Good,3,-8.35863175,115.5472581,"-8.35863175, 115.5472581"
Indonesia,Karawang,124,Unhealthy for Sensitive Groups,3,Good,124,Unhealthy for Sensitive Groups,1,Good,91,Moderate,1,-6.3021906,107.3046116,"-6.3021906, 107.3046116"
Indonesia,Serang,195,Unhealthy,4,Good,195,Unhealthy,3,Good,161,Unhealthy,4,-6.10549695,105.9884713,"-6.10549695, 105.9884713"
Indonesia,Perbaungan,76,Moderate,2,Good,41,Good,0,Good,76,Moderate,0,3.5674287,98.956266,"3.5674287, 98.956266"
Indonesia,Jogonalan,59,Moderate,1,Good,28,Good,1,Good,59,Moderate,3,-7.8291024,110.3510395,"-7.8291024, 110.3510395"
Indonesia,Klaten,48,Good,1,Good,27,Good,0,Good,48,Good,3,-7.67318995,110.6285096,"-7.67318995, 110.6285096"
Indonesia,Tondano,29,Good,0,Good,15,Good,0,Good,29,Good,3,1.3012112,124.9108982,"1.3012112, 124.9108982"
Indonesia,Bambanglipuro,37,Good,1,Good,24,Good,0,Good,37,Good,3,-7.9573446,110.3053279,"-7.9573446, 110.3053279"
Indonesia,Singaraja,48,Good,1,Good,30,Good,0,Good,48,Good,3,-8.1133599,115.0839326,"-8.1133599, 115.0839326"
Indonesia,Bulakamba,83,Moderate,2,Good,45,Good,1,Good,83,Moderate,0,-6.8748195,108.9566007,"-6.8748195, 108.9566007"
Indonesia,Cisaat,140,Unhealthy for Sensitive Groups,2,Good,91,Moderate,1,Good,140,Unhealthy for Sensitive Groups,1,-6.9178947,106.867208,"-6.9178947, 106.867208"
Indonesia,Cianjur,96,Moderate,2,Good,78,Moderate,1,Good,96,Moderate,0,-7.0542441,107.0691428,"-7.0542441, 107.0691428"
Indonesia,Cibinong,173,Unhealthy,4,Good,173,Unhealthy,3,Good,150,Unhealthy,4,-6.48243585,106.8383271,"-6.48243585, 106.8383271"
Indonesia,Besuki,58,Moderate,1,Good,37,Good,0,Good,58,Moderate,3,-7.7343144,113.6902407,"-7.7343144, 113.6902407"
Indonesia,Rengasdengklok,98,Moderate,2,Good,84,Moderate,1,Good,98,Moderate,0,-6.156201,107.2924268,"-6.156201, 107.2924268"
Indonesia,Ruteng,24,Good,1,Good,24,Good,0,Good,19,Good,3,-8.6110678,120.4645903,"-8.6110678, 120.4645903"
Indonesia,Sukabumi,97,Moderate,2,Good,67,Moderate,1,Good,97,Moderate,0,-7.07645085,106.7346608,"-7.07645085, 106.7346608"
Indonesia,Balapulang,78,Moderate,2,Good,62,Moderate,1,Good,78,Moderate,0,-7.0498077,109.0978378,"-7.0498077, 109.0978378"
Indonesia,Jember,46,Good,1,Good,27,Good,0,Good,46,Good,3,-8.1688563,113.7021772,"-8.1688563, 113.7021772"
Indonesia,Tambun,147,Unhealthy for Sensitive Groups,3,Good,147,Unhealthy for Sensitive Groups,1,Good,128,Unhealthy for Sensitive Groups,1,-6.2512617,107.073479,"-6.2512617, 107.073479"
Indonesia,Wates,73,Moderate,1,Good,39,Good,0,Good,73,Moderate,0,-7.88590185,110.140752,"-7.88590185, 110.140752"
Indonesia,Lumajang,42,Good,1,Good,26,Good,0,Good,42,Good,3,-8.135205,113.2244162,"-8.135205, 113.2244162"
Indonesia,Tanggul,160,Unhealthy,6,Good,9,Good,12,Good,160,Unhealthy,2,-8.1627759,113.4482635,"-8.1627759, 113.4482635"
Indonesia,Barabai,67,Moderate,2,Good,5,Good,2,Good,67,Moderate,3,-2.58553,115.3845228,"-2.58553, 115.3845228"
Indonesia,Palabuhanratu,164,Unhealthy,6,Good,25,Good,14,Good,164,Unhealthy,2,-6.9882409,106.5503728,"-6.9882409, 106.5503728"
Indonesia,Cepu,76,Moderate,2,Good,64,Moderate,1,Good,76,Moderate,0,-7.1411014,111.5929797,"-7.1411014, 111.5929797"
Indonesia,Cibitung,152,Unhealthy,3,Good,152,Unhealthy,1,Good,111,Unhealthy for Sensitive Groups,1,-6.2618811,107.0836549,"-6.2618811, 107.0836549"
Indonesia,Cikupa,207,Very Unhealthy,5,Good,207,Very Unhealthy,4,Good,166,Unhealthy,4,-6.21799745,106.5170845,"-6.21799745, 106.5170845"
Indonesia,Amuntai,45,Good,1,Good,15,Good,0,Good,45,Good,3,-2.4196178,115.2539707,"-2.4196178, 115.2539707"
Indonesia,Rajapolah,58,Moderate,1,Good,35,Good,0,Good,58,Moderate,3,-7.2417512,108.1844423,"-7.2417512, 108.1844423"
Indonesia,Mentok,50,Good,1,Good,30,Good,0,Good,50,Good,3,0.9093,123.1922,"0.9093, 123.1922"
Indonesia,Parakan,99,Moderate,2,Good,57,Moderate,1,Good,99,Moderate,0,-7.2834552,110.102191,"-7.2834552, 110.102191"
Indonesia,Ngemplak,63,Moderate,1,Good,35,Good,0,Good,63,Moderate,0,-7.5258089,110.7965586,"-7.5258089, 110.7965586"
Indonesia,Ambarawa,86,Moderate,2,Good,53,Moderate,1,Good,86,Moderate,0,-7.2598228,110.4045522,"-7.2598228, 110.4045522"
Indonesia,Cibadak,181,Unhealthy,4,Good,181,Unhealthy,3,Good,157,Unhealthy,4,-6.9226316,107.5952567,"-6.9226316, 107.5952567"
Indonesia,Adiwerna,92,Moderate,2,Good,49,Good,1,Good,92,Moderate,0,-6.933645,109.134916,"-6.933645, 109.134916"
Indonesia,Depok,60,Moderate,1,Good,33,Good,0,Good,60,Moderate,3,-6.40719,106.8158371,"-6.40719, 106.8158371"
Indonesia,Rantepao,14,Good,0,Good,14,Good,0,Good,14,Good,3,-2.9704575,119.8987167,"-2.9704575, 119.8987167"
Indonesia,Sumenep,51,Moderate,1,Good,35,Good,0,Good,51,Moderate,3,-7.006745,113.8598666,"-7.006745, 113.8598666"
Indonesia,Karanganyar,72,Moderate,1,Good,35,Good,0,Good,72,Moderate,0,-7.6196965,111.0698003,"-7.6196965, 111.0698003"
Indonesia,Kasihan,57,Moderate,1,Good,33,Good,0,Good,57,Moderate,3,-7.81472015,110.3335862,"-7.81472015, 110.3335862"
Indonesia,Teluk Nibung,64,Moderate,2,Good,32,Good,0,Good,64,Moderate,0,0.4504666,103.4336208,"0.4504666, 103.4336208"
Indonesia,Srandakan,42,Good,1,Good,24,Good,0,Good,42,Good,3,-7.9599802,110.2407375,"-7.9599802, 110.2407375"
Indonesia,Wanasari,93,Moderate,2,Good,46,Good,1,Good,93,Moderate,0,-6.8651849,109.0034952,"-6.8651849, 109.0034952"
Indonesia,Luwuk,18,Good,0,Good,18,Good,0,Good,9,Good,3,-0.9528231,122.7880198,"-0.9528231, 122.7880198"
Indonesia,Sinjai,20,Good,1,Good,20,Good,0,Good,16,Good,3,-5.2006665,120.1441865,"-5.2006665, 120.1441865"
Indonesia,Selogiri,46,Good,1,Good,26,Good,0,Good,46,Good,3,-7.7798988,110.8918628,"-7.7798988, 110.8918628"
Indonesia,Kediri,51,Moderate,1,Good,30,Good,0,Good,51,Moderate,3,-7.8111057,112.0046051,"-7.8111057, 112.0046051"
Indonesia,Jambi,81,Moderate,2,Good,41,Good,0,Good,81,Moderate,0,-1.6394711,102.9454264,"-1.6394711, 102.9454264"
Indonesia,Jatibarang,91,Moderate,2,Good,83,Moderate,1,Good,91,Moderate,0,-6.4728576,108.3064432,"-6.4728576, 108.3064432"
Indonesia,Juwana,90,Moderate,2,Good,73,Moderate,1,Good,90,Moderate,0,-6.7116898,111.1514508,"-6.7116898, 111.1514508"
Indonesia,Kuningan,56,Moderate,1,Good,31,Good,0,Good,56,Moderate,3,-6.9629141,110.4157734,"-6.9629141, 110.4157734"
Indonesia,Bangil,155,Unhealthy,3,Good,96,Moderate,2,Good,155,Unhealthy,1,-7.5989779,112.7782021,"-7.5989779, 112.7782021"
Indonesia,Ciputat,202,Very Unhealthy,5,Good,202,Very Unhealthy,3,Good,168,Unhealthy,4,-6.31107785,106.7184109,"-6.31107785, 106.7184109"
Indonesia,Ambulu,54,Moderate,1,Good,33,Good,0,Good,54,Moderate,3,-8.345037,113.6057621,"-8.345037, 113.6057621"
Indonesia,Buduran,158,Unhealthy,3,Good,133,Unhealthy for Sensitive Groups,1,Good,158,Unhealthy,1,-7.5920684,111.8674624,"-7.5920684, 111.8674624"
Indonesia,Cibeureum,63,Moderate,1,Good,40,Good,0,Good,63,Moderate,0,-6.7290294,106.9539074,"-6.7290294, 106.9539074"
Indonesia,Mayong,80,Moderate,2,Good,80,Moderate,1,Good,77,Moderate,0,-6.741736,110.742598,"-6.741736, 110.742598"
Indonesia,Pandak,56,Moderate,1,Good,34,Good,0,Good,56,Moderate,3,-2.5064514,120.3381188,"-2.5064514, 120.3381188"
Indonesia,Panji,52,Moderate,1,Good,32,Good,0,Good,52,Moderate,3,-7.6939482,114.042174,"-7.6939482, 114.042174"
Indonesia,Bondowoso,47,Good,1,Good,29,Good,0,Good,47,Good,3,-7.9451279,113.882059,"-7.9451279, 113.882059"
Indonesia,Kisaran,71,Moderate,2,Good,36,Good,0,Good,71,Moderate,0,2.9838982,99.6288041,"2.9838982, 99.6288041"
Indonesia,Padalarang,103,Unhealthy for Sensitive Groups,2,Good,81,Moderate,1,Good,103,Unhealthy for Sensitive Groups,0,-6.8423673,107.4970415,"-6.8423673, 107.4970415"
Indonesia,Cicalengka,101,Unhealthy for Sensitive Groups,2,Good,63,Moderate,1,Good,101,Unhealthy for Sensitive Groups,0,-6.9815914,107.8327237,"-6.9815914, 107.8327237"
Indonesia,Ciomas,137,Unhealthy for Sensitive Groups,3,Good,121,Unhealthy for Sensitive Groups,2,Good,137,Unhealthy for Sensitive Groups,1,-7.2188235,108.9015858,"-7.2188235, 108.9015858"
Indonesia,Purwokerto,178,Unhealthy,9,Good,14,Good,22,Good,178,Unhealthy,2,-7.4279011,109.2408501,"-7.4279011, 109.2408501"
Indonesia,Jatiroto,163,Unhealthy,6,Good,10,Good,13,Good,163,Unhealthy,2,-7.8819378,111.1011583,"-7.8819378, 111.1011583"
Indonesia,Kefamenanu,70,Moderate,1,Good,16,Good,0,Good,70,Moderate,0,-9.4466443,124.478044,"-9.4466443, 124.478044"
Indonesia,Banyuwangi,101,Unhealthy for Sensitive Groups,3,Good,19,Good,4,Good,101,Unhealthy for Sensitive Groups,0,-8.3325711,114.141579,"-8.3325711, 114.141579"
Indonesia,Gamping,164,Unhealthy,6,Good,12,Good,18,Good,164,Unhealthy,2,-7.78431425,110.3322103,"-7.78431425, 110.3322103"
Indonesia,Labuhan,176,Unhealthy,3,Good,176,Unhealthy,1,Good,137,Unhealthy for Sensitive Groups,4,-7.222456,113.0783934,"-7.222456, 113.0783934"
Indonesia,Nganjuk,172,Unhealthy,6,Good,6,Good,19,Good,172,Unhealthy,2,-7.61501615,111.9465075,"-7.61501615, 111.9465075"
Indonesia,Ambon,27,Good,0,Good,14,Good,0,Good,27,Good,3,-3.654703,128.190643,"-3.654703, 128.190643"
Indonesia,Kraksaan,69,Moderate,2,Good,40,Good,1,Good,69,Moderate,0,-7.7605736,113.4164516,"-7.7605736, 113.4164516"
Indonesia,Kroya,64,Moderate,1,Good,40,Good,1,Good,64,Moderate,0,-7.6299479,109.2540488,"-7.6299479, 109.2540488"
Indonesia,Poso,23,Good,1,Good,11,Good,0,Good,23,Good,3,-1.6568513,120.5421575,"-1.6568513, 120.5421575"
Indonesia,Temanggung,87,Moderate,2,Good,58,Moderate,1,Good,87,Moderate,0,-7.2397576,110.1216648,"-7.2397576, 110.1216648"
Indonesia,Weru,68,Moderate,2,Good,49,Good,0,Good,68,Moderate,0,-7.7754315,110.7580914,"-7.7754315, 110.7580914"
Indonesia,Stabat,55,Moderate,2,Good,41,Good,0,Good,55,Moderate,3,3.7546297,98.4581085,"3.7546297, 98.4581085"
Indonesia,Trucuk,66,Moderate,1,Good,35,Good,1,Good,66,Moderate,0,-7.12151435,111.8444006,"-7.12151435, 111.8444006"
Indonesia,Payakumbuh,61,Moderate,1,Good,25,Good,0,Good,61,Moderate,3,-0.2242687,100.6319419,"-0.2242687, 100.6319419"
Indonesia,Tanggulangin,165,Unhealthy,3,Good,111,Unhealthy for Sensitive Groups,1,Good,165,Unhealthy,1,-7.7703052,109.6317181,"-7.7703052, 109.6317181"
Indonesia,Randudongkal,188,Unhealthy,11,Good,8,Good,26,Good,188,Unhealthy,2,-7.1029102,109.3250826,"-7.1029102, 109.3250826"
Indonesia,Lasem,93,Moderate,2,Good,52,Moderate,1,Good,93,Moderate,0,-6.6921161,111.451562,"-6.6921161, 111.451562"
Indonesia,Karangampel,72,Moderate,1,Good,44,Good,0,Good,72,Moderate,0,-6.4635466,108.4402332,"-6.4635466, 108.4402332"
Indonesia,Madiun,169,Unhealthy,6,Good,3,Good,20,Good,169,Unhealthy,2,-7.61188765,111.6731926,"-7.61188765, 111.6731926"
Indonesia,Margasari,187,Unhealthy,10,Good,8,Good,25,Good,187,Unhealthy,2,-6.9541103,107.6573919,"-6.9541103, 107.6573919"
Indonesia,Tasikmalaya,56,Moderate,1,Good,27,Good,0,Good,56,Moderate,3,-7.42717075,108.0684231,"-7.42717075, 108.0684231"
Indonesia,Purwodadi,69,Moderate,1,Good,49,Good,0,Good,69,Moderate,0,-8.3625137,112.8515518,"-8.3625137, 112.8515518"
Indonesia,Pati,79,Moderate,2,Good,67,Moderate,1,Good,79,Moderate,0,-6.7535936,111.0393497,"-6.7535936, 111.0393497"
Indonesia,Astanajapura,61,Moderate,1,Good,36,Good,0,Good,61,Moderate,3,-6.7903546,108.6193921,"-6.7903546, 108.6193921"
Indonesia,Cikarang,132,Unhealthy for Sensitive Groups,3,Good,132,Unhealthy for Sensitive Groups,1,Good,127,Unhealthy for Sensitive Groups,1,-6.2587148,107.145742,"-6.2587148, 107.145742"
Indonesia,Batu,78,Moderate,1,Good,35,Good,1,Good,78,Moderate,0,-7.8711667,112.5269482,"-7.8711667, 112.5269482"
Indonesia,Sawangan,205,Very Unhealthy,5,Good,205,Very Unhealthy,4,Good,171,Unhealthy,4,-7.49376795,110.3923583,"-7.49376795, 110.3923583"
Indonesia,Denpasar,39,Good,1,Good,24,Good,0,Good,39,Good,3,-8.6524973,115.2191175,"-8.6524973, 115.2191175"
Indonesia,Sooko,140,Unhealthy for Sensitive Groups,2,Good,71,Moderate,1,Good,140,Unhealthy for Sensitive Groups,1,-7.48946,112.4251891,"-7.48946, 112.4251891"
Indonesia,Jatiwangi,63,Moderate,1,Good,37,Good,1,Good,63,Moderate,0,-6.7344859,108.2553794,"-6.7344859, 108.2553794"
Indonesia,Soe,21,Good,0,Good,19,Good,0,Good,21,Good,3,-9.860471,124.2771,"-9.860471, 124.2771"
Indonesia,Blora,81,Moderate,2,Good,69,Moderate,1,Good,81,Moderate,0,-6.9691528,111.4130521,"-6.9691528, 111.4130521"
Indonesia,Majalaya,84,Moderate,2,Good,48,Good,1,Good,84,Moderate,0,-7.0495197,107.7615982,"-7.0495197, 107.7615982"
Indonesia,Palimanan,67,Moderate,1,Good,48,Good,1,Good,67,Moderate,0,-6.7088893,108.431734,"-6.7088893, 108.431734"
Indonesia,Labuhan Deli,103,Unhealthy for Sensitive Groups,2,Good,63,Moderate,1,Good,103,Unhealthy for Sensitive Groups,0,3.7316806,98.6734915,"3.7316806, 98.6734915"
Indonesia,Tarakan,21,Good,1,Good,11,Good,0,Good,21,Good,3,3.3000169,117.6330159,"3.3000169, 117.6330159"
Indonesia,Pasarkemis,249,Very Unhealthy,11,Good,10,Good,49,Good,249,Very Unhealthy,2,-6.1719337,106.562309,"-6.1719337, 106.562309"
Indonesia,Sumedang,67,Moderate,1,Good,37,Good,0,Good,67,Moderate,0,-6.80987135,107.9817732,"-6.80987135, 107.9817732"
Indonesia,Metro,63,Moderate,1,Good,39,Good,0,Good,63,Moderate,0, -5.11306,105.30667," -5.11306, 105.30667"
Indonesia,Kertosono,169,Unhealthy,5,Good,10,Good,15,Good,169,Unhealthy,2,-7.5921805,112.1006422,"-7.5921805, 112.1006422"
Indonesia,Porong,166,Unhealthy,3,Good,11,Good,9,Good,166,Unhealthy,2,-7.53058075,112.6991581,"-7.53058075, 112.6991581"
Indonesia,Ungaran,76,Moderate,1,Good,42,Good,1,Good,76,Moderate,0,-7.1290892,110.4038912,"-7.1290892, 110.4038912"
Indonesia,Jetis,63,Moderate,1,Good,30,Good,1,Good,63,Moderate,3,-7.4159255,112.4727134,"-7.4159255, 112.4727134"
Indonesia,Ngawi,73,Moderate,1,Good,40,Good,0,Good,73,Moderate,0,-7.4422788,111.3869462,"-7.4422788, 111.3869462"
Indonesia,Langsa,72,Moderate,1,Good,38,Good,0,Good,72,Moderate,0,4.4730892,97.9681841,"4.4730892, 97.9681841"
Indonesia,Solok,61,Moderate,1,Good,32,Good,0,Good,61,Moderate,3,-0.93223105,100.8038499,"-0.93223105, 100.8038499"
Indonesia,Kemang,95,Moderate,2,Good,90,Moderate,1,Good,95,Moderate,0,-3.3949445,104.361537,"-3.3949445, 104.361537"
Indonesia,Lembang,194,Unhealthy,9,Good,12,Good,26,Good,194,Unhealthy,2,-6.8111033,107.6171239,"-6.8111033, 107.6171239"
Indonesia,Mendahara,76,Moderate,2,Good,37,Good,0,Good,76,Moderate,0,-0.9556509,103.6797702,"-0.9556509, 103.6797702"
Indonesia,Subang,88,Moderate,2,Good,86,Moderate,1,Good,88,Moderate,0,-6.571589,107.758736,"-6.571589, 107.758736"
Indonesia,Pangkah,91,Moderate,2,Good,46,Good,1,Good,91,Moderate,0,-6.979205,109.1675685,"-6.979205, 109.1675685"
Indonesia,Surakarta,69,Moderate,1,Good,41,Good,1,Good,69,Moderate,0,-7.5692489,110.828448,"-7.5692489, 110.828448"
Indonesia,Ponorogo,42,Good,1,Good,26,Good,0,Good,42,Good,3,-7.97122665,111.4988929,"-7.97122665, 111.4988929"
Indonesia,Tanjung Morawa,72,Moderate,2,Good,42,Good,0,Good,72,Moderate,0,3.5173404,98.7926727,"3.5173404, 98.7926727"
Indonesia,Baki,60,Moderate,1,Good,33,Good,0,Good,60,Moderate,3,-7.606004,110.78464,"-7.606004, 110.78464"
Indonesia,Pasuruan,99,Moderate,1,Good,43,Good,1,Good,99,Moderate,0,-7.6399593,112.9070632,"-7.6399593, 112.9070632"
Indonesia,Plered,116,Unhealthy for Sensitive Groups,3,Good,116,Unhealthy for Sensitive Groups,1,Good,112,Unhealthy for Sensitive Groups,1,-6.6366997,107.3963292,"-6.6366997, 107.3963292"
Indonesia,Ngawen,60,Moderate,1,Good,33,Good,0,Good,60,Moderate,3,-7.83636495,110.6832724,"-7.83636495, 110.6832724"
Indonesia,Pundong,160,Unhealthy,5,Good,16,Good,15,Good,160,Unhealthy,2,-7.5754349,112.2181746,"-7.5754349, 112.2181746"
Indonesia,Wonopringgo,163,Unhealthy,6,Good,21,Good,14,Good,163,Unhealthy,2,-6.9891917,109.6306792,"-6.9891917, 109.6306792"
Indonesia,Majenang,62,Moderate,1,Good,41,Good,1,Good,62,Moderate,0,-7.2987025,108.7625912,"-7.2987025, 108.7625912"
Indonesia,Cikampek,116,Unhealthy for Sensitive Groups,3,Good,116,Unhealthy for Sensitive Groups,1,Good,93,Moderate,1,-6.4064976,107.4588164,"-6.4064976, 107.4588164"
Indonesia,Galesong,46,Good,1,Good,26,Good,0,Good,46,Good,3,-5.33422455,119.3783543,"-5.33422455, 119.3783543"
Indonesia,Baturaja,68,Moderate,2,Good,38,Good,0,Good,68,Moderate,0,-4.1270552,104.1619482,"-4.1270552, 104.1619482"
Indonesia,Blitar,39,Good,1,Good,25,Good,0,Good,39,Good,3,-8.0982442,112.1650769,"-8.0982442, 112.1650769"
Indonesia,Bengkulu,75,Moderate,2,Good,37,Good,0,Good,75,Moderate,0,-3.5186763,102.5359834,"-3.5186763, 102.5359834"
Indonesia,Biak,15,Good,0,Good,15,Good,0,Good,5,Good,3,-1.1836086,136.0816321,"-1.1836086, 136.0816321"
Indonesia,Mundu,55,Moderate,1,Good,41,Good,0,Good,55,Moderate,3,-7.5948593,110.5698992,"-7.5948593, 110.5698992"
Indonesia,Jeluko,80,Moderate,2,Good,49,Good,1,Good,80,Moderate,0,-6.5863305,110.9882855,"-6.5863305, 110.9882855"
Indonesia,Kadipaten,63,Moderate,1,Good,37,Good,0,Good,63,Moderate,0,-7.80783795,110.3591871,"-7.80783795, 110.3591871"
Indonesia,Indramayu,98,Moderate,2,Good,29,Good,2,Good,98,Moderate,0,-4.0517644,103.7798337,"-4.0517644, 103.7798337"
Indonesia,Bandar,51,Moderate,1,Good,22,Good,0,Good,51,Moderate,3,-5.39714,105.2666667,"-5.39714, 105.2666667"
Indonesia,Serpong,297,Very Unhealthy,14,Good,10,Good,51,Moderate,297,Very Unhealthy,2,-6.3131287,106.6807393,"-6.3131287, 106.6807393"
Indonesia,Kedungwaru,51,Moderate,1,Good,30,Good,0,Good,51,Moderate,3,-7.0070188,111.2132382,"-7.0070188, 111.2132382"
Indonesia,Tulangan,164,Unhealthy,3,Good,10,Good,10,Good,164,Unhealthy,2,-7.465521,112.6510714,"-7.465521, 112.6510714"
Indonesia,Arjawinangun,68,Moderate,2,Good,57,Moderate,1,Good,68,Moderate,0,-6.64465925,108.4145317,"-6.64465925, 108.4145317"
Indonesia,Magetan,42,Good,1,Good,26,Good,0,Good,42,Good,3,-7.6542489,111.3360565,"-7.6542489, 111.3360565"
Indonesia,Singaparna,52,Moderate,1,Good,29,Good,0,Good,52,Moderate,3,-7.3499098,108.1107502,"-7.3499098, 108.1107502"
Indonesia,Jati,81,Moderate,2,Good,49,Good,1,Good,81,Moderate,0,-6.827972,110.831334,"-6.827972, 110.831334"
Indonesia,Bireun,74,Moderate,1,Good,31,Good,0,Good,74,Moderate,0,5.2056495,96.70252045,"5.2056495, 96.70252045"
Indonesia,Tabanan,39,Good,1,Good,24,Good,0,Good,39,Good,3,-8.43958865,115.0718666,"-8.43958865, 115.0718666"
Indonesia,Tarub,86,Moderate,2,Good,49,Good,0,Good,86,Moderate,0,-7.0697079,111.018337,"-7.0697079, 111.018337"
Indonesia,Pakisaji,23,Good,0,Good,22,Good,0,Good,23,Good,3,-8.063178,112.6002477,"-8.063178, 112.6002477"
Indonesia,Bantul,46,Good,1,Good,25,Good,0,Good,46,Good,3,-7.89825435,110.3855534,"-7.89825435, 110.3855534"
Indonesia,Slawi,92,Moderate,2,Good,86,Moderate,1,Good,92,Moderate,0,-6.9829139,109.1363731,"-6.9829139, 109.1363731"
Indonesia,Curup,69,Moderate,1,Good,29,Good,0,Good,69,Moderate,0,-3.3354163,104.1518866,"-3.3354163, 104.1518866"
Indonesia,Gondang,177,Unhealthy,7,Good,9,Good,17,Good,177,Unhealthy,2,-7.6118226,112.4893247,"-7.6118226, 112.4893247"
Indonesia,Jakarta,197,Unhealthy,4,Good,197,Unhealthy,3,Good,155,Unhealthy,4,-6.175247,106.8270488,"-6.175247, 106.8270488"
Indonesia,Kencong,54,Moderate,1,Good,32,Good,0,Good,54,Moderate,3,-8.2738223,113.3685667,"-8.2738223, 113.3685667"
Indonesia,Palu,50,Good,1,Good,7,Good,1,Good,50,Good,3,-0.9051548,119.8722373,"-0.9051548, 119.8722373"
Indonesia,Makasar,67,Moderate,2,Good,25,Good,1,Good,67,Moderate,0,-5.1342962,119.4124282,"-5.1342962, 119.4124282"
Indonesia,Rancaekek,207,Very Unhealthy,12,Good,3,Good,31,Good,207,Very Unhealthy,2,-6.9648801,107.7559578,"-6.9648801, 107.7559578"
Indonesia,Katobu,22,Good,0,Good,18,Good,0,Good,22,Good,3,-4.9408066,122.5275567,"-4.9408066, 122.5275567"
Indonesia,Demak,85,Moderate,1,Good,47,Good,1,Good,85,Moderate,0,-6.9229075,110.6350973,"-6.9229075, 110.6350973"
Indonesia,Klungkung,33,Good,1,Good,25,Good,0,Good,33,Good,3,-8.74565245,115.534745,"-8.74565245, 115.534745"
Indonesia,Tayu,100,Unhealthy for Sensitive Groups,2,Good,100,Unhealthy for Sensitive Groups,1,Good,89,Moderate,0,-6.534094,111.034118,"-6.534094, 111.034118"
Indonesia,Teluknaga,188,Unhealthy,4,Good,188,Unhealthy,3,Good,163,Unhealthy,4,-6.0536646,106.6578901,"-6.0536646, 106.6578901"
Indonesia,Krian,161,Unhealthy,3,Good,137,Unhealthy for Sensitive Groups,1,Good,161,Unhealthy,1,-7.41289,112.587185,"-7.41289, 112.587185"
Indonesia,Manggar,34,Good,0,Good,19,Good,0,Good,34,Good,3,-2.8672641,108.2759285,"-2.8672641, 108.2759285"
Indonesia,Mojokerto,150,Unhealthy,3,Good,91,Moderate,1,Good,150,Unhealthy,1,-7.54133775,112.5094975,"-7.54133775, 112.5094975"
Indonesia,Kualakapuas,71,Moderate,1,Good,11,Good,2,Good,71,Moderate,0,-2.980313,114.386299,"-2.980313, 114.386299"
Indonesia,Boyolangu,48,Good,1,Good,28,Good,0,Good,48,Good,3,-8.1192548,111.8937682,"-8.1192548, 111.8937682"
Indonesia,Tanete,57,Moderate,1,Good,23,Good,1,Good,57,Moderate,3,-2.869405,120.1671405,"-2.869405, 120.1671405"
Indonesia,Ngunut,51,Moderate,1,Good,26,Good,0,Good,51,Moderate,3,-7.9412788,110.5369729,"-7.9412788, 110.5369729"
Indonesia,Welahan,96,Moderate,2,Good,87,Moderate,2,Good,96,Moderate,0,-6.7785531,110.7203007,"-6.7785531, 110.7203007"
Indonesia,Muncar,37,Good,1,Good,24,Good,0,Good,37,Good,3,-8.4372524,114.3401241,"-8.4372524, 114.3401241"
Indonesia,Margahayu,98,Moderate,2,Good,73,Moderate,1,Good,98,Moderate,0,-6.2525019,107.0150659,"-6.2525019, 107.0150659"
Indonesia,Prambanan,55,Moderate,1,Good,27,Good,0,Good,55,Moderate,3,-7.7847888,110.4961947,"-7.7847888, 110.4961947"
Indonesia,Kabanjahe,22,Good,0,Good,18,Good,0,Good,22,Good,3,3.1009104,98.4891218,"3.1009104, 98.4891218"
